Ano;Turno;Município;Número;Candidato;Zona;Seção;Seções Agregadas;Votos;Local de Votação;Endereço Local de Votação;Bairro;
2024;1;AQUIRAZ;25123;KELLY MOTA;66;10;;10;EMEF LAIS SIDRIM TARGINO;PRAÇA PADRE MATIAS  N 55;CENTRO;
2024;1;AQUIRAZ;25123;KELLY MOTA;66;11;;9;EMEF LAIS SIDRIM TARGINO;PRAÇA PADRE MATIAS  N 55;CENTRO;
2024;1;AQUIRAZ;25123;KELLY MOTA;66;12;;7;EMEF LAIS SIDRIM TARGINO;PRAÇA PADRE MATIAS  N 55;CENTRO;
2024;1;AQUIRAZ;25123;KELLY MOTA;66;13;;13;EMEF LAIS SIDRIM TARGINO;PRAÇA PADRE MATIAS  N 55;CENTRO;
2024;1;AQUIRAZ;25123;KELLY MOTA;66;14;;8;EMEF LAIS SIDRIM TARGINO;PRAÇA PADRE MATIAS  N 55;CENTRO;
2024;1;AQUIRAZ;25123;KELLY MOTA;66;16;;4;SENAC - SERVIÇO NACIONAL DO COMÉRCIO;RUA PEDRO BRASIL, N 210;CENTRO;
2024;1;AQUIRAZ;25123;KELLY MOTA;66;17;;4;ESCOLA DE ENSINO MEDIO LIA SIDOU;RUA VIRGILIO COELHO N  693;CENTRO;
2024;1;AQUIRAZ;25123;KELLY MOTA;66;18;;2;EMEF DE BATOQUE;PRAIA DO BATOQUE SN;BATOQUE;
2024;1;AQUIRAZ;25123;KELLY MOTA;66;19;;9;EMEF CLARENCIO CRISOSTOMO FREITAS;RODOVIA CE 040 SN ( SITIO  MEU CANTINHO);PATACAS;
2024;1;AQUIRAZ;25123;KELLY MOTA;66;20;;3;EMEF CLARENCIO CRISOSTOMO FREITAS;RODOVIA CE 040 SN ( SITIO  MEU CANTINHO);PATACAS;
2024;1;AQUIRAZ;25123;KELLY MOTA;66;21;;5;ESCOLA DE EDUCAÇÃO PROFISSIONAL PROFESSORA ALDA FAÇANHA;AVENIDA NOSSA SENHORA DE LOURDES, S/N;DIVINEIA;
2024;1;AQUIRAZ;25123;KELLY MOTA;66;22;;1;EMEF LEOLINA BATISTA RAMOS;AV JOSUE LEITE DE FREITAS S/N;PATACAS;
2024;1;AQUIRAZ;25123;KELLY MOTA;66;28;;7;EMEF ERNESTO GURGEL VALENTE;RUA FRANCISCO CAMARA, SN;CENTRO;
2024;1;AQUIRAZ;25123;KELLY MOTA;66;34;;5;EMEF FRANCISCO DA SILVA SAMPAIO;ESTRADA DO FIO TELEGRAFO;TUPUIU;
2024;1;AQUIRAZ;25123;KELLY MOTA;66;35;;6;EMEF FRANCISCO DA SILVA SAMPAIO;ESTRADA DO FIO TELEGRAFO;TUPUIU;
2024;1;AQUIRAZ;25123;KELLY MOTA;66;36;;3;EMEF CEL FRANCISCO GOMES FARIAS;POVOADO DE  CARACARA ESTRADA DO BATOQUE SN;CARACARA;
2024;1;AQUIRAZ;25123;KELLY MOTA;66;37;;1;ESCOLA FERDINANDO TANSI (SUBSTITUTA DA ESCOLA FCO. VIDAL CAMARA);COMUNIDADE DO PIAU;PICAO;
2024;1;AQUIRAZ;25123;KELLY MOTA;66;38;;3;EMEF GUILHERME JANJA;RODOVIA CE 040 KM 18  S/N;MACHUCA;
2024;1;AQUIRAZ;25123;KELLY MOTA;66;39;;8;EMEF HENRIQUE GONCALVES DA JUSTA FILHO;RUA ANTONIO MELQUIADES LIMA S/N;JACUNDA;
2024;1;AQUIRAZ;25123;KELLY MOTA;66;40;;10;EMEF HENRIQUE GONCALVES DA JUSTA FILHO;RUA ANTONIO MELQUIADES LIMA S/N;JACUNDA;
2024;1;AQUIRAZ;25123;KELLY MOTA;66;41;330;16;EMEF TIA ALZIRA;LAGOA I;IGUAPE;
2024;1;AQUIRAZ;25123;KELLY MOTA;66;42;;11;EMEF TIA ALZIRA;LAGOA I;IGUAPE;
2024;1;AQUIRAZ;25123;KELLY MOTA;66;48;49;4;EMEF MINISTRO JARBAS PASSARINHO;RODOVIA CE 040 - CAJUEIRO DO MINISTRO;CAJUEIRO DO MINISTRO;
2024;1;AQUIRAZ;25123;KELLY MOTA;66;50;144;4;EMEF MINISTRO JARBAS PASSARINHO;RODOVIA CE 040 - CAJUEIRO DO MINISTRO;CAJUEIRO DO MINISTRO;
2024;1;AQUIRAZ;25123;KELLY MOTA;66;51;;1;EMEF JOAO JAIME GADELHA;ESTRADA AROEIRA;AROEIRAS;
2024;1;AQUIRAZ;25123;KELLY MOTA;66;53;;5;EMEF JOAO PIRES CARDOSO;RUA ALDENORA CARDOSO SN;CAMARA;
2024;1;AQUIRAZ;25123;KELLY MOTA;66;56;;2;CEI ALDENORA CARDOSO PORTO;RUA JOSE AMORA MOREIRA, S/N;TELHA-CAMARA;
2024;1;AQUIRAZ;25123;KELLY MOTA;66;58;;1;EMEFJUSCELINO KUBITSCHEK;AV ANTONIO LOURENÇO DA SILVA S/N;CAPONGA DA BERNARDA;
2024;1;AQUIRAZ;25123;KELLY MOTA;66;59;;2;EMEFJUSCELINO KUBITSCHEK;AV ANTONIO LOURENÇO DA SILVA S/N;CAPONGA DA BERNARDA;
2024;1;AQUIRAZ;25123;KELLY MOTA;66;62;;15;ESCOLA DE EDUCAÇÃO PROFISSIONAL PROFESSORA ALDA FAÇANHA;AVENIDA NOSSA SENHORA DE LOURDES, S/N;DIVINEIA;
2024;1;AQUIRAZ;25123;KELLY MOTA;66;63;;7;ESCOLA DE EDUCAÇÃO PROFISSIONAL PROFESSORA ALDA FAÇANHA;AVENIDA NOSSA SENHORA DE LOURDES, S/N;DIVINEIA;
2024;1;AQUIRAZ;25123;KELLY MOTA;66;64;;2;EMEF JOAO PIRES CARDOSO;RUA ALDENORA CARDOSO SN;CAMARA;
2024;1;AQUIRAZ;25123;KELLY MOTA;66;65;;7;EMEF PLACIDO CASTELO;RUA ASSIS BENTO DE FREITAS, 970 - BARRINHA;TAPERA;
2024;1;AQUIRAZ;25123;KELLY MOTA;66;66;;3;EMEF MANOEL ASSUNCAO PIRES;RUA PRINCIPAL S/N;GENIPAPEIRO;
2024;1;AQUIRAZ;25123;KELLY MOTA;66;67;;1;EMEF MANOEL ASSUNCAO PIRES;RUA PRINCIPAL S/N;GENIPAPEIRO;
2024;1;AQUIRAZ;25123;KELLY MOTA;66;68;;2;EMEF JOSE FERREIRA DA COSTA;RUA MANOEL FERREIRA DA COSTA, SN;SANTA MARIA;
2024;1;AQUIRAZ;25123;KELLY MOTA;66;69;;2;EMEF JOSE FERREIRA DA COSTA;RUA MANOEL FERREIRA DA COSTA, SN;SANTA MARIA;
2024;1;AQUIRAZ;25123;KELLY MOTA;66;75;;4;EMEF FRANCISCO DA SILVA SAMPAIO;ESTRADA DO FIO TELEGRAFO;TUPUIU;
2024;1;AQUIRAZ;25123;KELLY MOTA;66;76;;1;CENTRO DE EDUCAÇÃO E CIDADANIA MARIA DE CASTRO BERNARDO;RUA JOSE ADAMOR ABREU, S/N - DISTRITO JOAO DE CASTRO;TAPUIO;
2024;1;AQUIRAZ;25123;KELLY MOTA;66;79;;3;EMEFJUSCELINO KUBITSCHEK;AV ANTONIO LOURENÇO DA SILVA S/N;CAPONGA DA BERNARDA;
2024;1;AQUIRAZ;25123;KELLY MOTA;66;80;;3;EMEF RITA PAULA;AV. DAMIÃO TAVARES  DE SOUSA, S/N;PRAINHA;
2024;1;AQUIRAZ;25123;KELLY MOTA;66;81;;4;EMEF RITA PAULA;AV. DAMIÃO TAVARES  DE SOUSA, S/N;PRAINHA;
2024;1;AQUIRAZ;25123;KELLY MOTA;66;82;;4;EMEF RITA PAULA;AV. DAMIÃO TAVARES  DE SOUSA, S/N;PRAINHA;
2024;1;AQUIRAZ;25123;KELLY MOTA;66;83;;3;EMEF MARIA SOARES DE FREITAS;AV JOSUE LEITE DE FREITAS S/N;PATACAS;
2024;1;AQUIRAZ;25123;KELLY MOTA;66;84;;3;EMEF MARIA SOARES DE FREITAS;AV JOSUE LEITE DE FREITAS S/N;PATACAS;
2024;1;AQUIRAZ;25123;KELLY MOTA;66;90;;1;CENTRO DE EDUCAÇÃO E CIDADANIA MARIA DE CASTRO BERNARDO;RUA JOSE ADAMOR ABREU, S/N - DISTRITO JOAO DE CASTRO;TAPUIO;
2024;1;AQUIRAZ;25123;KELLY MOTA;66;91;;1;CENTRO DE EVANGELIZAÇÃO SÃO JUDAS TADEU;RUA CORONEL OSVALDO STUDART S/N - JACAÚNA;IGUAPE;
2024;1;AQUIRAZ;25123;KELLY MOTA;66;92;;4;CENTRO DE EVANGELIZAÇÃO SÃO JUDAS TADEU;RUA CORONEL OSVALDO STUDART S/N - JACAÚNA;IGUAPE;
2024;1;AQUIRAZ;25123;KELLY MOTA;66;93;;3;EEFM CEL OSVALDO STUDART;RUA CEL OSVALDO STUDART 117 CENTRO;IGUAPE;
2024;1;AQUIRAZ;25123;KELLY MOTA;66;94;;3;CENTRO DE REABILITAÇÃO FÍSICA - PSF - FAGUNDES;CE-453 N 98;TAPERA;
2024;1;AQUIRAZ;25123;KELLY MOTA;66;95;;9;EMEF ERNESTO GURGEL VALENTE;RUA FRANCISCO CAMARA, SN;CENTRO;
2024;1;AQUIRAZ;25123;KELLY MOTA;66;96;;4;ESCOLA DE ENSINO MEDIO TELINA MATOS PIRES;RUA FRANCISCO CAMARA,  70;CENTRO;
2024;1;AQUIRAZ;25123;KELLY MOTA;66;97;;3;EMEF JOSE CAMARA DE ALMEIDA;AV CLOVIS HOLANDA DE FREITAS, S/N;PAU POMBO;
2024;1;AQUIRAZ;25123;KELLY MOTA;66;98;;6;EMEF JOAO PIRES CARDOSO;RUA ALDENORA CARDOSO SN;CAMARA;
2024;1;AQUIRAZ;25123;KELLY MOTA;66;99;;3;EMEF JOAO PIRES CARDOSO;RUA ALDENORA CARDOSO SN;CAMARA;
2024;1;AQUIRAZ;25123;KELLY MOTA;66;100;;8;EMEF JOAO PIRES CARDOSO;RUA ALDENORA CARDOSO SN;CAMARA;
2024;1;AQUIRAZ;25123;KELLY MOTA;66;104;;4;EMEF LEOLINA BATISTA RAMOS;AV JOSUE LEITE DE FREITAS S/N;PATACAS;
2024;1;AQUIRAZ;25123;KELLY MOTA;66;105;;3;EMEF LEOLINA BATISTA RAMOS;AV JOSUE LEITE DE FREITAS S/N;PATACAS;
2024;1;AQUIRAZ;25123;KELLY MOTA;66;107;;9;EMEFJUSCELINO KUBITSCHEK;AV ANTONIO LOURENÇO DA SILVA S/N;CAPONGA DA BERNARDA;
2024;1;AQUIRAZ;25123;KELLY MOTA;66;108;;2;EEB RAIMUNDO TOMAZ;RUA JOSE CARLOS GADELHA S/N;TAPERA;
2024;1;AQUIRAZ;25123;KELLY MOTA;66;109;;1;EEB RAIMUNDO TOMAZ;RUA JOSE CARLOS GADELHA S/N;TAPERA;
2024;1;AQUIRAZ;25123;KELLY MOTA;66;110;;5;EEB RAIMUNDO TOMAZ;RUA JOSE CARLOS GADELHA S/N;TAPERA;
2024;1;AQUIRAZ;25123;KELLY MOTA;66;111;;3;EEB RAIMUNDO TOMAZ;RUA JOSE CARLOS GADELHA S/N;TAPERA;
2024;1;AQUIRAZ;25123;KELLY MOTA;66;112;;5;EEB RAIMUNDO TOMAZ;RUA JOSE CARLOS GADELHA S/N;TAPERA;
2024;1;AQUIRAZ;25123;KELLY MOTA;66;120;;2;ESCOLA DE EDUCAÇÃO PROFISSIONAL PROFESSORA ALDA FAÇANHA;AVENIDA NOSSA SENHORA DE LOURDES, S/N;DIVINEIA;
2024;1;AQUIRAZ;25123;KELLY MOTA;66;122;;5;EEFM CEL OSVALDO STUDART;RUA CEL OSVALDO STUDART 117 CENTRO;IGUAPE;
2024;1;AQUIRAZ;25123;KELLY MOTA;66;123;;5;EMEFJUSCELINO KUBITSCHEK;AV ANTONIO LOURENÇO DA SILVA S/N;CAPONGA DA BERNARDA;
2024;1;AQUIRAZ;25123;KELLY MOTA;66;125;;10;CEI MARIA ELCIR BRITO DE LIMA;RUA JOÃO DE CASTRO, 59;DIVINEIA;
2024;1;AQUIRAZ;25123;KELLY MOTA;66;127;;5;EEFM CEL OSVALDO STUDART;RUA CEL OSVALDO STUDART 117 CENTRO;IGUAPE;
2024;1;AQUIRAZ;25123;KELLY MOTA;66;129;;12;ESCOLA DE ENSINO MEDIO TELINA MATOS PIRES;RUA FRANCISCO CAMARA,  70;CENTRO;
2024;1;AQUIRAZ;25123;KELLY MOTA;66;130;;7;ESCOLA DE ENSINO MEDIO LIA SIDOU;RUA VIRGILIO COELHO N  693;CENTRO;
2024;1;AQUIRAZ;25123;KELLY MOTA;66;133;;6;EMEF PLACIDO CASTELO;RUA ASSIS BENTO DE FREITAS, 970 - BARRINHA;TAPERA;
2024;1;AQUIRAZ;25123;KELLY MOTA;66;139;;6;EMEF PLACIDO CASTELO;RUA ASSIS BENTO DE FREITAS, 970 - BARRINHA;TAPERA;
2024;1;AQUIRAZ;25123;KELLY MOTA;66;140;;9;EMEF RAIMUNDA FERREIRA DA SILVA;RUA MESTRE CHAGAS S/N;BARRO PRETO;
2024;1;AQUIRAZ;25123;KELLY MOTA;66;149;;2;EMEF PLACIDO CASTELO;RUA ASSIS BENTO DE FREITAS, 970 - BARRINHA;TAPERA;
2024;1;AQUIRAZ;25123;KELLY MOTA;66;152;;4;EMEF GUILHERME JANJA;RODOVIA CE 040 KM 18  S/N;MACHUCA;
2024;1;AQUIRAZ;25123;KELLY MOTA;66;154;;2;EMEF MANOEL ASSUNCAO PIRES;RUA PRINCIPAL S/N;GENIPAPEIRO;
2024;1;AQUIRAZ;25123;KELLY MOTA;66;156;;6;EMEF JOSE CAMARA DE ALMEIDA;AV CLOVIS HOLANDA DE FREITAS, S/N;PAU POMBO;
2024;1;AQUIRAZ;25123;KELLY MOTA;66;157;;4;ESCOLA FCO NAILTON CAVALCANTE DE LIMA(MANOEL SENHOR DE MELO FILHO);LOTEAMENTO LEQUICE;CAMARA;
2024;1;AQUIRAZ;25123;KELLY MOTA;66;158;;3;EMEF RITA PAULA;AV. DAMIÃO TAVARES  DE SOUSA, S/N;PRAINHA;
2024;1;AQUIRAZ;25123;KELLY MOTA;66;160;;1;CEI JOSE NICODEMUS DE ASSUNÇAO;RUA RAIMUNDO NONATO ASSUNÇAO S/N;JUSTINIANO DE SERPA;
2024;1;AQUIRAZ;25123;KELLY MOTA;66;161;;5;ESCOLA DE ENSINO MEDIO LIA SIDOU;RUA VIRGILIO COELHO N  693;CENTRO;
2024;1;AQUIRAZ;25123;KELLY MOTA;66;162;350;13;EMEF HENRIQUE GONCALVES DA JUSTA FILHO;RUA ANTONIO MELQUIADES LIMA S/N;JACUNDA;
2024;1;AQUIRAZ;25123;KELLY MOTA;66;164;;1;CENTRO DE REABILITAÇÃO FÍSICA - PSF - FAGUNDES;CE-453 N 98;TAPERA;
2024;1;AQUIRAZ;25123;KELLY MOTA;66;166;;2;ASSOCIACAO COMUNITARIA DE TRAIRUSSU;RUA SAO JOAO, S/N  - TRAIRUSSU;TRAIRUSSU;
2024;1;AQUIRAZ;25123;KELLY MOTA;66;167;;2;CENTRO DE EDUCAÇÃO E CIDADANIA MARIA DE CASTRO BERNARDO;RUA JOSE ADAMOR ABREU, S/N - DISTRITO JOAO DE CASTRO;TAPUIO;
2024;1;AQUIRAZ;25123;KELLY MOTA;66;169;;2;ESCOLA FCO NAILTON CAVALCANTE DE LIMA(MANOEL SENHOR DE MELO FILHO);LOTEAMENTO LEQUICE;CAMARA;
2024;1;AQUIRAZ;25123;KELLY MOTA;66;170;;7;EMEF ERNESTO GURGEL VALENTE;RUA FRANCISCO CAMARA, SN;CENTRO;
2024;1;AQUIRAZ;25123;KELLY MOTA;66;172;;6;EMEF PLACIDO CASTELO;RUA ASSIS BENTO DE FREITAS, 970 - BARRINHA;TAPERA;
2024;1;AQUIRAZ;25123;KELLY MOTA;66;173;;17;EMEF CLARENCIO CRISOSTOMO FREITAS;RODOVIA CE 040 SN ( SITIO  MEU CANTINHO);PATACAS;
2024;1;AQUIRAZ;25123;KELLY MOTA;66;180;;9;EMEF LUIS EDUARDO STUDART GOMES;RUA DA BIQUARA;PRAIA DO PRESIDIO;
2024;1;AQUIRAZ;25123;KELLY MOTA;66;181;;12;ESCOLA DE ENSINO MEDIO TELINA MATOS PIRES;RUA FRANCISCO CAMARA,  70;CENTRO;
2024;1;AQUIRAZ;25123;KELLY MOTA;66;182;;15;EMEF MARIA FACANHA DE SÁ;RUA VIA COLETORA - LITORANEA II  N 2435;PORTO DAS DUNAS;
2024;1;AQUIRAZ;25123;KELLY MOTA;66;184;;17;EMEF HENRIQUE GONCALVES DA JUSTA FILHO;RUA ANTONIO MELQUIADES LIMA S/N;JACUNDA;
2024;1;AQUIRAZ;25123;KELLY MOTA;66;185;;2;EMEF RITA PAULA;AV. DAMIÃO TAVARES  DE SOUSA, S/N;PRAINHA;
2024;1;AQUIRAZ;25123;KELLY MOTA;66;186;;1;ESCOLA FCO NAILTON CAVALCANTE DE LIMA(MANOEL SENHOR DE MELO FILHO);LOTEAMENTO LEQUICE;CAMARA;
2024;1;AQUIRAZ;25123;KELLY MOTA;66;195;;2;EMEF CEL FRANCISCO GOMES FARIAS;POVOADO DE  CARACARA ESTRADA DO BATOQUE SN;CARACARA;
2024;1;AQUIRAZ;25123;KELLY MOTA;66;203;;1;CEI ALDENORA CARDOSO PORTO;RUA JOSE AMORA MOREIRA, S/N;TELHA-CAMARA;
2024;1;AQUIRAZ;25123;KELLY MOTA;66;204;;8;EMEF GUILHERME JANJA;RODOVIA CE 040 KM 18  S/N;MACHUCA;
2024;1;AQUIRAZ;25123;KELLY MOTA;66;205;;6;EMEF JOSE ISAAC SARAIVA DA CUNHA;AV. 07 DE SETEMBRO S/N;RIVIERA;
2024;1;AQUIRAZ;25123;KELLY MOTA;66;207;;1;EMEF JOSE RODRIGUES MONTEIRO;RUA ANGELO RODRIGUES MONTEIRO 882;TELHA-CAMARA;
2024;1;AQUIRAZ;25123;KELLY MOTA;66;208;;8;CEI MARIA ELCIR BRITO DE LIMA;RUA JOÃO DE CASTRO, 59;DIVINEIA;
2024;1;AQUIRAZ;25123;KELLY MOTA;66;209;;4;EEFM CEL OSVALDO STUDART;RUA CEL OSVALDO STUDART 117 CENTRO;IGUAPE;
2024;1;AQUIRAZ;25123;KELLY MOTA;66;211;;9;EMEF MARIA MARGARIDA RAMOS COELHO;RUA JOÃO DE CASTRO S/N;DIVINEIA;
2024;1;AQUIRAZ;25123;KELLY MOTA;66;215;;9;EMEF JOSE ALMIR DA SILVA;AV SAO JOAO S/N;NOVO IGUAPE;
2024;1;AQUIRAZ;25123;KELLY MOTA;66;217;;4;EMEF ALOISIO BERNARDO DE CASTRO;RUA CORAÇÃO DE JESUS / AREA VERDE;BAIXA GRANDE;
2024;1;AQUIRAZ;25123;KELLY MOTA;66;218;;5;EEF FRANCISCA MONTEIRO DA SILVA;LAMEIRAO - MALVINA - CAMARA;LAMEIRÃO;
2024;1;AQUIRAZ;25123;KELLY MOTA;66;221;;7;RAIMUNDA DE FREITAS FAÇANHA CEI (CRECHE CHACARA DA PRAINHA);AV JOSILEUDO LEITE S/N;CHACARA DA PRAINHA;
2024;1;AQUIRAZ;25123;KELLY MOTA;66;223;;1;EMEF VINDINA ASSUNCAO DE AQUINO;AV PETRONILIA PEREIRA S/N;SITIO GUARDA;
2024;1;AQUIRAZ;25123;KELLY MOTA;66;224;333;7;CEI LUIZ SEMEAO DA COSTA;AV DAMIAO TAVARES DE SOUZA, S/N;PRAINHA;
2024;1;AQUIRAZ;25123;KELLY MOTA;66;225;;9;EMEF MARIA MARGARIDA RAMOS COELHO;RUA JOÃO DE CASTRO S/N;DIVINEIA;
2024;1;AQUIRAZ;25123;KELLY MOTA;66;227;;1;EMEF JOSE FERREIRA DA COSTA;RUA MANOEL FERREIRA DA COSTA, SN;SANTA MARIA;
2024;1;AQUIRAZ;25123;KELLY MOTA;66;228;;4;EMEF PLACIDO CASTELO;RUA ASSIS BENTO DE FREITAS, 970 - BARRINHA;TAPERA;
2024;1;AQUIRAZ;25123;KELLY MOTA;66;230;;2;EMEF LAGOA DE CIMA;PV LAGOA DE CIMA DISTRITO PATACAS;PATACAS;
2024;1;AQUIRAZ;25123;KELLY MOTA;66;231;;2;ESCOLA FERDINANDO TANSI (SUBSTITUTA DA ESCOLA FCO. VIDAL CAMARA);COMUNIDADE DO PIAU;PICAO;
2024;1;AQUIRAZ;25123;KELLY MOTA;66;234;;3;EMEFJUSCELINO KUBITSCHEK;AV ANTONIO LOURENÇO DA SILVA S/N;CAPONGA DA BERNARDA;
2024;1;AQUIRAZ;25123;KELLY MOTA;66;237;;1;EMEF MANOEL ASSUNCAO PIRES;RUA PRINCIPAL S/N;GENIPAPEIRO;
2024;1;AQUIRAZ;25123;KELLY MOTA;66;240;;5;EMEF FRANCISCO DA SILVA SAMPAIO;ESTRADA DO FIO TELEGRAFO;TUPUIU;
2024;1;AQUIRAZ;25123;KELLY MOTA;66;243;;5;CEI LUIZ SEMEAO DA COSTA;AV DAMIAO TAVARES DE SOUZA, S/N;PRAINHA;
2024;1;AQUIRAZ;25123;KELLY MOTA;66;244;;9;ESCOLA DE ENSINO MEDIO TELINA MATOS PIRES;RUA FRANCISCO CAMARA,  70;CENTRO;
2024;1;AQUIRAZ;25123;KELLY MOTA;66;247;;9;EMEF RAIMUNDA FERREIRA DA SILVA;RUA MESTRE CHAGAS S/N;BARRO PRETO;
2024;1;AQUIRAZ;25123;KELLY MOTA;66;248;;8;EMEF MARIA FACANHA DE SÁ;RUA VIA COLETORA - LITORANEA II  N 2435;PORTO DAS DUNAS;
2024;1;AQUIRAZ;25123;KELLY MOTA;66;249;;1;EMEF PLACIDO CASTELO;RUA ASSIS BENTO DE FREITAS, 970 - BARRINHA;TAPERA;
2024;1;AQUIRAZ;25123;KELLY MOTA;66;251;;4;EMEF ALOISIO BERNARDO DE CASTRO;RUA CORAÇÃO DE JESUS / AREA VERDE;BAIXA GRANDE;
2024;1;AQUIRAZ;25123;KELLY MOTA;66;254;;11;RAIMUNDA DE FREITAS FAÇANHA CEI (CRECHE CHACARA DA PRAINHA);AV JOSILEUDO LEITE S/N;CHACARA DA PRAINHA;
2024;1;AQUIRAZ;25123;KELLY MOTA;66;264;;9;EMEF JOSE ALMIR DA SILVA;AV SAO JOAO S/N;NOVO IGUAPE;
2024;1;AQUIRAZ;25123;KELLY MOTA;66;266;;8;EMEF GUILHERME JANJA;RODOVIA CE 040 KM 18  S/N;MACHUCA;
2024;1;AQUIRAZ;25123;KELLY MOTA;66;267;;12;EDEFM DA LAGOA ENCANTADA (ESCOLA INDÍGENA);LAGOA ENCANTADA - COMUNIDADE INDÍGENA;LAGOA ENCANTADA;
2024;1;AQUIRAZ;25123;KELLY MOTA;66;268;;6;EMEF ERNESTO GURGEL VALENTE;RUA FRANCISCO CAMARA, SN;CENTRO;
2024;1;AQUIRAZ;25123;KELLY MOTA;66;270;;9;EMEF ERNESTO GURGEL VALENTE;RUA FRANCISCO CAMARA, SN;CENTRO;
2024;1;AQUIRAZ;25123;KELLY MOTA;66;271;;6;RAIMUNDA DE FREITAS FAÇANHA CEI (CRECHE CHACARA DA PRAINHA);AV JOSILEUDO LEITE S/N;CHACARA DA PRAINHA;
2024;1;AQUIRAZ;25123;KELLY MOTA;66;273;;3;EMEF ALOISIO BERNARDO DE CASTRO;RUA CORAÇÃO DE JESUS / AREA VERDE;BAIXA GRANDE;
2024;1;AQUIRAZ;25123;KELLY MOTA;66;274;;3;EMEF FRANCISCO DA SILVA SAMPAIO;ESTRADA DO FIO TELEGRAFO;TUPUIU;
2024;1;AQUIRAZ;25123;KELLY MOTA;66;275;;8;EMEF LAGOA DE CIMA;PV LAGOA DE CIMA DISTRITO PATACAS;PATACAS;
2024;1;AQUIRAZ;25123;KELLY MOTA;66;276;;5;EMEF PLACIDO CASTELO;RUA ASSIS BENTO DE FREITAS, 970 - BARRINHA;TAPERA;
2024;1;AQUIRAZ;25123;KELLY MOTA;66;277;;3;EMEF MARIA SOARES DE FREITAS;AV JOSUE LEITE DE FREITAS S/N;PATACAS;
2024;1;AQUIRAZ;25123;KELLY MOTA;66;278;;13;EMEF MARIA MARGARIDA RAMOS COELHO;RUA JOÃO DE CASTRO S/N;DIVINEIA;
2024;1;AQUIRAZ;25123;KELLY MOTA;66;286;;12;EMEF GUILHERME JANJA;RODOVIA CE 040 KM 18  S/N;MACHUCA;
2024;1;AQUIRAZ;25123;KELLY MOTA;66;288;;4;RAIMUNDA DE FREITAS FAÇANHA CEI (CRECHE CHACARA DA PRAINHA);AV JOSILEUDO LEITE S/N;CHACARA DA PRAINHA;
2024;1;AQUIRAZ;25123;KELLY MOTA;66;290;;10;EMEF HENRIQUE GONCALVES DA JUSTA FILHO;RUA ANTONIO MELQUIADES LIMA S/N;JACUNDA;
2024;1;AQUIRAZ;25123;KELLY MOTA;66;291;;5;ESCOLA FERDINANDO TANSI (SUBSTITUTA DA ESCOLA FCO. VIDAL CAMARA);COMUNIDADE DO PIAU;PICAO;
2024;1;AQUIRAZ;25123;KELLY MOTA;66;293;;7;COLÉGIO INSTITUTO CASTRO UNIDADE TAPERA;RUA JOSE CARLOS GADELHA, S/N;TAPERA;
2024;1;AQUIRAZ;25123;KELLY MOTA;66;294;;8;EEFM CEL OSVALDO STUDART;RUA CEL OSVALDO STUDART 117 CENTRO;IGUAPE;
2024;1;AQUIRAZ;25123;KELLY MOTA;66;295;;9;EMEF JOAO PIRES CARDOSO;RUA ALDENORA CARDOSO SN;CAMARA;
2024;1;AQUIRAZ;25123;KELLY MOTA;66;296;;7;EMEF LAIS SIDRIM TARGINO;PRAÇA PADRE MATIAS  N 55;CENTRO;
2024;1;AQUIRAZ;25123;KELLY MOTA;66;297;;7;EMEF MARIA FACANHA DE SÁ;RUA VIA COLETORA - LITORANEA II  N 2435;PORTO DAS DUNAS;
2024;1;AQUIRAZ;25123;KELLY MOTA;66;298;;2;SENAC - SERVIÇO NACIONAL DO COMÉRCIO;RUA PEDRO BRASIL, N 210;CENTRO;
2024;1;AQUIRAZ;25123;KELLY MOTA;66;299;;16;EMEF JOSE ALMIR DA SILVA;AV SAO JOAO S/N;NOVO IGUAPE;
2024;1;AQUIRAZ;25123;KELLY MOTA;66;300;;8;EMEF ERNESTO GURGEL VALENTE;RUA FRANCISCO CAMARA, SN;CENTRO;
2024;1;AQUIRAZ;25123;KELLY MOTA;66;301;;9;EMEF ERNESTO GURGEL VALENTE;RUA FRANCISCO CAMARA, SN;CENTRO;
2024;1;AQUIRAZ;25123;KELLY MOTA;66;303;345;10;ESCOLA DE ENSINO MEDIO LIA SIDOU;RUA VIRGILIO COELHO N  693;CENTRO;
2024;1;AQUIRAZ;25123;KELLY MOTA;66;304;;1;EMEF MANOEL ASSUNCAO PIRES;RUA PRINCIPAL S/N;GENIPAPEIRO;
2024;1;AQUIRAZ;25123;KELLY MOTA;66;308;;2;EMEF ERNESTO GURGEL VALENTE;RUA FRANCISCO CAMARA, SN;CENTRO;
2024;1;AQUIRAZ;25123;KELLY MOTA;66;309;;1;EMEF DE BATOQUE;PRAIA DO BATOQUE SN;BATOQUE;
2024;1;AQUIRAZ;25123;KELLY MOTA;66;310;;4;CEI ALDENORA CARDOSO PORTO;RUA JOSE AMORA MOREIRA, S/N;TELHA-CAMARA;
2024;1;AQUIRAZ;25123;KELLY MOTA;66;311;;3;ESCOLA FCO NAILTON CAVALCANTE DE LIMA(MANOEL SENHOR DE MELO FILHO);LOTEAMENTO LEQUICE;CAMARA;
2024;1;AQUIRAZ;25123;KELLY MOTA;66;312;;7;CENTRO DE REABILITAÇÃO FÍSICA - PSF - FAGUNDES;CE-453 N 98;TAPERA;
2024;1;AQUIRAZ;25123;KELLY MOTA;66;313;;1;EMEF RITA PAULA;AV. DAMIÃO TAVARES  DE SOUSA, S/N;PRAINHA;
2024;1;AQUIRAZ;25123;KELLY MOTA;66;314;;4;RAIMUNDA DE FREITAS FAÇANHA CEI (CRECHE CHACARA DA PRAINHA);AV JOSILEUDO LEITE S/N;CHACARA DA PRAINHA;
2024;1;AQUIRAZ;25123;KELLY MOTA;66;315;;6;EMEF GUILHERME JANJA;RODOVIA CE 040 KM 18  S/N;MACHUCA;
2024;1;AQUIRAZ;25123;KELLY MOTA;66;316;;5;EMEF JOSE ISAAC SARAIVA DA CUNHA;AV. 07 DE SETEMBRO S/N;RIVIERA;
2024;1;AQUIRAZ;25123;KELLY MOTA;66;317;;4;EMEF LUIS EDUARDO STUDART GOMES;RUA DA BIQUARA;PRAIA DO PRESIDIO;
2024;1;AQUIRAZ;25123;KELLY MOTA;66;318;;3;EMEF MARIA SOARES DE FREITAS;AV JOSUE LEITE DE FREITAS S/N;PATACAS;
2024;1;AQUIRAZ;25123;KELLY MOTA;66;320;;7;SENAC - SERVIÇO NACIONAL DO COMÉRCIO;RUA PEDRO BRASIL, N 210;CENTRO;
2024;1;AQUIRAZ;25123;KELLY MOTA;66;321;;6;EMEF MARIA MARGARIDA RAMOS COELHO;RUA JOÃO DE CASTRO S/N;DIVINEIA;
2024;1;AQUIRAZ;25123;KELLY MOTA;66;322;;1;COLÉGIO INSTITUTO CASTRO UNIDADE TAPERA;RUA JOSE CARLOS GADELHA, S/N;TAPERA;
2024;1;AQUIRAZ;25123;KELLY MOTA;66;324;;12;EMEF RAIMUNDA FERREIRA DA SILVA;RUA MESTRE CHAGAS S/N;BARRO PRETO;
2024;1;AQUIRAZ;25123;KELLY MOTA;66;327;;1;EMEF LEOLINA BATISTA RAMOS;AV JOSUE LEITE DE FREITAS S/N;PATACAS;
2024;1;AQUIRAZ;25123;KELLY MOTA;66;328;;1;EMEF JOSE CAMARA DE ALMEIDA;AV CLOVIS HOLANDA DE FREITAS, S/N;PAU POMBO;
2024;1;AQUIRAZ;25123;KELLY MOTA;66;329;349;14;EMEF MARIA FACANHA DE SÁ;RUA VIA COLETORA - LITORANEA II  N 2435;PORTO DAS DUNAS;
2024;1;AQUIRAZ;25123;KELLY MOTA;66;335;;2;ESCOLA FERDINANDO TANSI (SUBSTITUTA DA ESCOLA FCO. VIDAL CAMARA);COMUNIDADE DO PIAU;PICAO;
2024;1;AQUIRAZ;25123;KELLY MOTA;66;336;;1;POSTO DE SAÚDE DA JUSSARA;RUA RAIMUNDA MORAIS, S/N;TAPERA;
2024;1;AQUIRAZ;25123;KELLY MOTA;66;337;;6;EMEF ERNESTO GURGEL VALENTE;RUA FRANCISCO CAMARA, SN;CENTRO;
2024;1;AQUIRAZ;25123;KELLY MOTA;66;338;;5;RAIMUNDA DE FREITAS FAÇANHA CEI (CRECHE CHACARA DA PRAINHA);AV JOSILEUDO LEITE S/N;CHACARA DA PRAINHA;
2024;1;AQUIRAZ;25123;KELLY MOTA;66;341;;4;EMEF LAGOA DE CIMA;PV LAGOA DE CIMA DISTRITO PATACAS;PATACAS;
2024;1;AQUIRAZ;25123;KELLY MOTA;66;342;;8;EMEF PLACIDO CASTELO;RUA ASSIS BENTO DE FREITAS, 970 - BARRINHA;TAPERA;
2024;1;AQUIRAZ;25123;KELLY MOTA;66;343;;2;EMEF ERNESTO GURGEL VALENTE;RUA FRANCISCO CAMARA, SN;CENTRO;
2024;1;AQUIRAZ;25123;KELLY MOTA;66;344;;2;EMEF GUILHERME JANJA;RODOVIA CE 040 KM 18  S/N;MACHUCA;
2024;1;AQUIRAZ;25123;KELLY MOTA;66;346;;3;EEB RAIMUNDO TOMAZ;RUA JOSE CARLOS GADELHA S/N;TAPERA;
2024;1;AQUIRAZ;25123;KELLY MOTA;66;348;;2;ESCOLA FERDINANDO TANSI (SUBSTITUTA DA ESCOLA FCO. VIDAL CAMARA);COMUNIDADE DO PIAU;PICAO;
TOTAL;;;;;;;;968;
